{"cameraMode":{"drawMode":0,"name":"Shaded","section":"Shading Mode"},"sceneLighting":false,"audioPlay":false,"sceneViewState":{"m_AlwaysRefresh":false,"showFog":true,"showSkybox":true,"showFlares":true,"showImageEffects":true,"showParticleSystems":true,"showVisualEffectGraphs":true,"m_FxEnabled":true},"in2DMode":false,"pivot":{"x":550.6056518554688,"y":1.1299999952316285,"z":270.7699890136719},"rotation":{"x":0.1674496829509735,"y":0.41687124967575076,"z":-0.07857335358858109,"w":0.8901851773262024},"size":0.8660253882408142,"orthographic":false}